peat - peat.linces@gmail.com
shion - shion.nomikos@gmail.com
taiyo - taiyo.matsuno@gmail.com
dyah - dyah.erine@gmail.com
xiao - chaol.arquimedes@gmail.com
merlim - merlim.termoglou@gmail.com
blanke - blanke.marjorie@gmail.com